,row_id,date_created,year,month_number,month,request_status,service_category,service_description,interaction_channel,service_area,referral_type,neighbourhood_id,neighbourhood,ward,service_category_service_area,service_area_service_category,service_area_service_description,nbhd_latitude,nbhd_longitude,nbhd_location,count,date_closed,status_detail,ward_latitude,ward_longitude,ward_location,CovidAll
50,27011944490106,2020-04-30T19:01:27.000,2020,4,April,Open,Bylaw Complaints,COVID - Physical Distancing Complaint,Phone Call,Community Standards - Peace Officers,Referral,4080,CALLINGWOOD SOUTH,05,Bylaw Complaints  (Community Standards - Peace Officers),(Community Standards - Peace Officers)  Bylaw Complaints,(Community Standards - Peace Officers)  COVID - Physical Distancing Complaint,53.500514879202484,-113.62303087373823,"{'latitude': '53.500514879202484', 'longitude': '-113.62303087373823', 'human_address': '{""address"": """", ""city"": """", ""state"": """", ""zip"": """"}'}",1,,,,,,True
52,8011944490066,2020-04-30T19:01:08.000,2020,4,April,Open,Bylaw Complaints,COVID - Physical Distancing Complaint,Phone Call,Community Standards - Peace Officers,Referral,5390,RIVER VALLEY WALTERDALE,08,Bylaw Complaints  (Community Standards - Peace Officers),(Community Standards - Peace Officers)  Bylaw Complaints,(Community Standards - Peace Officers)  COVID - Physical Distancing Complaint,53.53057521763347,-113.51975396063287,"{'latitude': '53.53057521763347', 'longitude': '-113.51975396063287', 'human_address': '{""address"": """", ""city"": """", ""state"": """", ""zip"": """"}'}",1,,,,,,True
155,38181844489983,2020-04-30T18:18:38.000,2020,4,April,Open,Bylaw Complaints,COVID - Physical Distancing Complaint,Phone Call,Community Standards - Peace Officers,Referral,6444,LAUREL,12,Bylaw Complaints  (Community Standards - Peace Officers),(Community Standards - Peace Officers)  Bylaw Complaints,(Community Standards - Peace Officers)  COVID - Physical Distancing Complaint,53.44579914092519,-113.38147041081945,"{'latitude': '53.44579914092519', 'longitude': '-113.38147041081945', 'human_address': '{""address"": """", ""city"": """", ""state"": """", ""zip"": """"}'}",1,,,53.427091413961406,-113.41906418721156,"{'latitude': '53.427091413961406', 'longitude': '-113.41906418721156', 'human_address': '{""address"": """", ""city"": """", ""state"": """", ""zip"": """"}'}",True
286,29311744489862,2020-04-30T17:31:29.000,2020,4,April,Closed,Bylaw Complaints,COVID - Physical Distancing Complaint,Phone Call,Community Standards - Peace Officers,Referral,2280,FRASER,04,Bylaw Complaints  (Community Standards - Peace Officers),(Community Standards - Peace Officers)  Bylaw Complaints,(Community Standards - Peace Officers)  COVID - Physical Distancing Complaint,53.610382173879735,-113.37478157988564,"{'latitude': '53.610382173879735', 'longitude': '-113.37478157988564', 'human_address': '{""address"": """", ""city"": """", ""state"": """", ""zip"": """"}'}",1,2020-04-30T19:01:47.000,Does Not Meet Bylaw Offence Standards,,,,True
657,45591544489466,2020-04-30T15:59:45.000,2020,4,April,Closed,Bylaw Complaints,COVID - Physical Distancing Complaint,Phone Call,Community Standards - Peace Officers,Referral,6140,CRAWFORD PLAINS,12,Bylaw Complaints  (Community Standards - Peace Officers),(Community Standards - Peace Officers)  Bylaw Complaints,(Community Standards - Peace Officers)  COVID - Physical Distancing Complaint,53.44183745503615,-113.40621587784102,"{'latitude': '53.44183745503615', 'longitude': '-113.40621587784102', 'human_address': '{""address"": """", ""city"": """", ""state"": """", ""zip"": """"}'}",1,2020-04-30T17:01:20.000,,53.427091413961406,-113.41906418721156,"{'latitude': '53.427091413961406', 'longitude': '-113.41906418721156', 'human_address': '{""address"": """", ""city"": """", ""state"": """", ""zip"": """"}'}",True
718,27461544489407,2020-04-30T15:46:27.000,2020,4,April,Closed,Bylaw Complaints,COVID - Mass Gathering Unacceptable,Phone Call,Community Standards - Peace Officers,Full Service,,,,Bylaw Complaints  (Community Standards - Peace Officers),(Community Standards - Peace Officers)  Bylaw Complaints,(Community Standards - Peace Officers)  COVID - Mass Gathering Unacceptable,,,,1,2020-04-30T15:46:28.000,,,,,True
746,21401544489363,2020-04-30T15:40:21.000,2020,4,April,Closed,Bylaw Complaints,COVID - Open Business Unacceptable,Phone Call,Community Standards - Peace Officers,Full Service,,,,Bylaw Complaints  (Community Standards - Peace Officers),(Community Standards - Peace Officers)  Bylaw Complaints,(Community Standards - Peace Officers)  COVID - Open Business Unacceptable,,,,1,2020-04-30T15:40:21.000,,,,,True
1081,32351444488939,2020-04-30T14:35:32.000,2020,4,April,Closed,Bylaw Complaints,COVID - Open Business Unacceptable,Phone Call,Community Standards - Peace Officers,Full Service,,,,Bylaw Complaints  (Community Standards - Peace Officers),(Community Standards - Peace Officers)  Bylaw Complaints,(Community Standards - Peace Officers)  COVID - Open Business Unacceptable,,,,1,2020-04-30T14:35:33.000,,,,,True
1965,7591144487940,2020-04-30T11:59:07.000,2020,4,April,Open,Bylaw Complaints,COVID - Physical Distancing Complaint,Phone Call,Community Standards - Peace Officers,Referral,1150,OLIVER,06,Bylaw Complaints  (Community Standards - Peace Officers),(Community Standards - Peace Officers)  Bylaw Complaints,(Community Standards - Peace Officers)  COVID - Physical Distancing Complaint,53.541982930616356,-113.52399393488137,"{'latitude': '53.541982930616356', 'longitude': '-113.52399393488137', 'human_address': '{""address"": """", ""city"": """", ""state"": """", ""zip"": """"}'}",1,,,,,,True
3251,26541843486320,2020-04-29T18:54:26.000,2020,4,April,Open,Bylaw Complaints,COVID - Garage/Yard Sale Restriction,Phone Call,Community Standards - Peace Officers,Referral,,,,Bylaw Complaints  (Community Standards - Peace Officers),(Community Standards - Peace Officers)  Bylaw Complaints,(Community Standards - Peace Officers)  COVID - Garage/Yard Sale Restriction,,,,1,,,,,,True
3287,19391843486275,2020-04-29T18:39:19.000,2020,4,April,Closed,Bylaw Complaints,COVID - Physical Distancing Complaint,Phone Call,Community Standards - Peace Officers,Referral,2280,FRASER,04,Bylaw Complaints  (Community Standards - Peace Officers),(Community Standards - Peace Officers)  Bylaw Complaints,(Community Standards - Peace Officers)  COVID - Physical Distancing Complaint,53.610382173879735,-113.37478157988564,"{'latitude': '53.610382173879735', 'longitude': '-113.37478157988564', 'human_address': '{""address"": """", ""city"": """", ""state"": """", ""zip"": """"}'}",1,2020-04-30T12:02:14.000,File Already under Investigation,,,,True
3311,55281843486246,2020-04-29T18:28:55.000,2020,4,April,Closed,Bylaw Complaints,COVID - Physical Distancing Complaint,Phone Call,Community Standards - Peace Officers,Referral,1090,DOWNTOWN,06,Bylaw Complaints  (Community Standards - Peace Officers),(Community Standards - Peace Officers)  Bylaw Complaints,(Community Standards - Peace Officers)  COVID - Physical Distancing Complaint,53.5397665935903,-113.4994206958886,"{'latitude': '53.5397665935903', 'longitude': '-113.4994206958886', 'human_address': '{""address"": """", ""city"": """", ""state"": """", ""zip"": """"}'}",1,2020-04-29T19:30:32.000,,,,,True
3372,20011843486206,2020-04-29T18:01:20.000,2020,4,April,Closed,Bylaw Complaints,COVID - Mass Gathering Unacceptable,Phone Call,Community Standards - Peace Officers,Full Service,,,,Bylaw Complaints  (Community Standards - Peace Officers),(Community Standards - Peace Officers)  Bylaw Complaints,(Community Standards - Peace Officers)  COVID - Mass Gathering Unacceptable,,,,1,2020-04-29T18:01:21.000,,,,,True
3425,53401743486136,2020-04-29T17:40:53.000,2020,4,April,Open,Bylaw Complaints,COVID - Physical Distancing Complaint,Phone Call,Community Standards - Peace Officers,Referral,1100,EASTWOOD,07,Bylaw Complaints  (Community Standards - Peace Officers),(Community Standards - Peace Officers)  Bylaw Complaints,(Community Standards - Peace Officers)  COVID - Physical Distancing Complaint,53.57610461451422,-113.46873040177114,"{'latitude': '53.57610461451422', 'longitude': '-113.46873040177114', 'human_address': '{""address"": """", ""city"": """", ""state"": """", ""zip"": """"}'}",1,,,,,,True
3427,42391743486142,2020-04-29T17:39:42.000,2020,4,April,Closed,Bylaw Complaints,COVID - Physical Distancing Complaint,Phone Call,Community Standards - Peace Officers,Referral,2511,MAYLIEWAN,03,Bylaw Complaints  (Community Standards - Peace Officers),(Community Standards - Peace Officers)  Bylaw Complaints,(Community Standards - Peace Officers)  COVID - Physical Distancing Complaint,53.62229021938088,-113.46026446188358,"{'latitude': '53.62229021938088', 'longitude': '-113.46026446188358', 'human_address': '{""address"": """", ""city"": """", ""state"": """", ""zip"": """"}'}",1,2020-04-29T19:01:03.000,,,,,True
3524,57061743486048,2020-04-29T17:06:57.000,2020,4,April,Closed,Bylaw Complaints,COVID - Physical Distancing Complaint,Phone Call,Community Standards - Peace Officers,Referral,4090,CANORA,01,Bylaw Complaints  (Community Standards - Peace Officers),(Community Standards - Peace Officers)  Bylaw Complaints,(Community Standards - Peace Officers)  COVID - Physical Distancing Complaint,53.5461934423508,-113.58421460428093,"{'latitude': '53.5461934423508', 'longitude': '-113.58421460428093', 'human_address': '{""address"": """", ""city"": """", ""state"": """", ""zip"": """"}'}",1,2020-04-29T18:31:11.000,Does Not Meet Bylaw Offence Standards,,,,True
3682,6241643485833,2020-04-29T16:24:06.000,2020,4,April,Closed,Bylaw Complaints,COVID - Physical Distancing Complaint,Phone Call,Community Standards - Peace Officers,Referral,4540,TERRA LOSA,01,Bylaw Complaints  (Community Standards - Peace Officers),(Community Standards - Peace Officers)  Bylaw Complaints,(Community Standards - Peace Officers)  COVID - Physical Distancing Complaint,53.53329320017489,-113.62217806446893,"{'latitude': '53.53329320017489', 'longitude': '-113.62217806446893', 'human_address': '{""address"": """", ""city"": """", ""state"": """", ""zip"": """"}'}",1,2020-04-29T17:30:56.000,,,,,True
3918,4351543485629,2020-04-29T15:35:04.000,2020,4,April,Open,Bylaw Complaints,COVID - Physical Distancing Complaint,Phone Call,Community Standards - Peace Officers,Referral,6730,TERRACE HEIGHTS,08,Bylaw Complaints  (Community Standards - Peace Officers),(Community Standards - Peace Officers)  Bylaw Complaints,(Community Standards - Peace Officers)  COVID - Physical Distancing Complaint,53.542080743587455,-113.43780112956907,"{'latitude': '53.542080743587455', 'longitude': '-113.43780112956907', 'human_address': '{""address"": """", ""city"": """", ""state"": """", ""zip"": """"}'}",1,,,,,,True
3933,31321543485589,2020-04-29T15:32:31.000,2020,4,April,Closed,Bylaw Complaints,COVID - Physical Distancing Complaint,Phone Call,Community Standards - Peace Officers,Referral,2340,HOLLICK-KENYON,04,Bylaw Complaints  (Community Standards - Peace Officers),(Community Standards - Peace Officers)  Bylaw Complaints,(Community Standards - Peace Officers)  COVID - Physical Distancing Complaint,53.62224418238982,-113.42228786136482,"{'latitude': '53.62224418238982', 'longitude': '-113.42228786136482', 'human_address': '{""address"": """", ""city"": """", ""state"": """", ""zip"": """"}'}",1,2020-04-29T17:00:48.000,,,,,True
4178,29471443485200,2020-04-29T14:47:29.000,2020,4,April,Closed,Bylaw Complaints,COVID - Physical Distancing Complaint,Phone Call,Community Standards - Peace Officers,Referral,2280,FRASER,04,Bylaw Complaints  (Community Standards - Peace Officers),(Community Standards - Peace Officers)  Bylaw Complaints,(Community Standards - Peace Officers)  COVID - Physical Distancing Complaint,53.610382173879735,-113.37478157988564,"{'latitude': '53.610382173879735', 'longitude': '-113.37478157988564', 'human_address': '{""address"": """", ""city"": """", ""state"": """", ""zip"": """"}'}",1,2020-04-29T17:01:40.000,Does Not Meet Bylaw Offence Standards,,,,True
4327,12191443485166,2020-04-29T14:19:12.000,2020,4,April,Closed,Bylaw Complaints,COVID - Physical Distancing Complaint,Phone Call,Community Standards - Peace Officers,Referral,6320,IDYLWYLDE,08,Bylaw Complaints  (Community Standards - Peace Officers),(Community Standards - Peace Officers)  Bylaw Complaints,(Community Standards - Peace Officers)  COVID - Physical Distancing Complaint,53.52162991520384,-113.44911385648135,"{'latitude': '53.52162991520384', 'longitude': '-113.44911385648135', 'human_address': '{""address"": """", ""city"": """", ""state"": """", ""zip"": """"}'}",1,2020-04-29T15:31:43.000,,,,,True
4356,2131443485135,2020-04-29T14:13:02.000,2020,4,April,Closed,Bylaw Complaints,COVID - Mass Gathering Unacceptable,Phone Call,Community Standards - Peace Officers,Full Service,,,,Bylaw Complaints  (Community Standards - Peace Officers),(Community Standards - Peace Officers)  Bylaw Complaints,(Community Standards - Peace Officers)  COVID - Mass Gathering Unacceptable,,,,1,2020-04-29T14:13:02.000,,,,,True
4400,7021443485066,2020-04-29T14:02:07.000,2020,4,April,Closed,Bylaw Complaints,COVID - Mass Gathering Unacceptable,Phone Call,Community Standards - Peace Officers,Full Service,,,,Bylaw Complaints  (Community Standards - Peace Officers),(Community Standards - Peace Officers)  Bylaw Complaints,(Community Standards - Peace Officers)  COVID - Mass Gathering Unacceptable,,,,1,2020-04-29T14:02:08.000,,,,,True
4461,40511343485011,2020-04-29T13:51:40.000,2020,4,April,Closed,Bylaw Complaints,COVID - Open Business Unacceptable,Phone Call,Community Standards - Peace Officers,Full Service,,,,Bylaw Complaints  (Community Standards - Peace Officers),(Community Standards - Peace Officers)  Bylaw Complaints,(Community Standards - Peace Officers)  COVID - Open Business Unacceptable,,,,1,2020-04-29T13:51:41.000,,,,,True
4747,46011343484622,2020-04-29T13:01:46.000,2020,4,April,Closed,Bylaw Complaints,COVID - Physical Distancing Complaint,Phone Call,Community Standards - Peace Officers,Referral,2550,MONTROSE,07,Bylaw Complaints  (Community Standards - Peace Officers),(Community Standards - Peace Officers)  Bylaw Complaints,(Community Standards - Peace Officers)  COVID - Physical Distancing Complaint,53.575116228950925,-113.44223029635958,"{'latitude': '53.575116228950925', 'longitude': '-113.44223029635958', 'human_address': '{""address"": """", ""city"": """", ""state"": """", ""zip"": """"}'}",1,2020-04-29T14:31:05.000,,,,,True
5038,10131243484254,2020-04-29T12:13:10.000,2020,4,April,Closed,Bylaw Complaints,COVID - Physical Distancing Complaint,Email,Community Standards - Peace Officers,Referral,5290,MCKERNAN,08,Bylaw Complaints  (Community Standards - Peace Officers),(Community Standards - Peace Officers)  Bylaw Complaints,(Community Standards - Peace Officers)  COVID - Physical Distancing Complaint,53.51275883945096,-113.52044221122382,"{'latitude': '53.51275883945096', 'longitude': '-113.52044221122382', 'human_address': '{""address"": """", ""city"": """", ""state"": """", ""zip"": """"}'}",1,2020-04-29T14:01:58.000,,,,,True
5770,16590943483345,2020-04-29T09:59:16.000,2020,4,April,Closed,Bylaw Complaints,COVID - Physical Distancing Complaint,Phone Call,Community Standards - Peace Officers,Referral,2241,EAUX CLAIRES,03,Bylaw Complaints  (Community Standards - Peace Officers),(Community Standards - Peace Officers)  Bylaw Complaints,(Community Standards - Peace Officers)  COVID - Physical Distancing Complaint,53.621638824117554,-113.4856371921701,"{'latitude': '53.621638824117554', 'longitude': '-113.4856371921701', 'human_address': '{""address"": """", ""city"": """", ""state"": """", ""zip"": """"}'}",1,2020-04-30T10:00:32.000,,,,,True
6262,49470743482857,2020-04-29T07:47:49.000,2020,4,April,Closed,Bylaw Complaints,COVID - Mass Gathering Unacceptable,Phone Call,Community Standards - Peace Officers,Full Service,,,,Bylaw Complaints  (Community Standards - Peace Officers),(Community Standards - Peace Officers)  Bylaw Complaints,(Community Standards - Peace Officers)  COVID - Mass Gathering Unacceptable,,,,1,2020-04-29T07:47:50.000,,,,,True
6423,5031942482650,2020-04-28T19:03:05.000,2020,4,April,Closed,Bylaw Complaints,COVID - Physical Distancing Complaint,Phone Call,Community Standards - Peace Officers,Referral,4280,LYNNWOOD,05,Bylaw Complaints  (Community Standards - Peace Officers),(Community Standards - Peace Officers)  Bylaw Complaints,(Community Standards - Peace Officers)  COVID - Physical Distancing Complaint,53.51570132512691,-113.58990902591644,"{'latitude': '53.51570132512691', 'longitude': '-113.58990902591644', 'human_address': '{""address"": """", ""city"": """", ""state"": """", ""zip"": """"}'}",1,2020-04-28T20:31:07.000,,,,,True
6445,55481842482613,2020-04-28T18:48:55.000,2020,4,April,Closed,Bylaw Complaints,COVID - Physical Distancing Complaint,Phone Call,Community Standards - Peace Officers,Referral,6760,TWEDDLE PLACE,11,Bylaw Complaints  (Community Standards - Peace Officers),(Community Standards - Peace Officers)  Bylaw Complaints,(Community Standards - Peace Officers)  COVID - Physical Distancing Complaint,53.47836951495941,-113.45916009479342,"{'latitude': '53.47836951495941', 'longitude': '-113.45916009479342', 'human_address': '{""address"": """", ""city"": """", ""state"": """", ""zip"": """"}'}",1,2020-04-28T20:01:23.000,,53.48222636935761,-113.44225301244043,"{'latitude': '53.48222636935761', 'longitude': '-113.44225301244043', 'human_address': '{""address"": """", ""city"": """", ""state"": """", ""zip"": """"}'}",True
6504,5251842482562,2020-04-28T18:25:05.000,2020,4,April,Closed,Bylaw Complaints,COVID - Physical Distancing Complaint,Phone Call,Community Standards - Peace Officers,Referral,2340,HOLLICK-KENYON,04,Bylaw Complaints  (Community Standards - Peace Officers),(Community Standards - Peace Officers)  Bylaw Complaints,(Community Standards - Peace Officers)  COVID - Physical Distancing Complaint,53.62224418238982,-113.42228786136482,"{'latitude': '53.62224418238982', 'longitude': '-113.42228786136482', 'human_address': '{""address"": """", ""city"": """", ""state"": """", ""zip"": """"}'}",1,2020-04-28T20:01:06.000,Does Not Meet Bylaw Offence Standards,,,,True
6535,5141842482527,2020-04-28T18:14:05.000,2020,4,April,Closed,Bylaw Complaints,COVID - Physical Distancing Complaint,Phone Call,Community Standards - Peace Officers,Referral,2400,KILDARE,07,Bylaw Complaints  (Community Standards - Peace Officers),(Community Standards - Peace Officers)  Bylaw Complaints,(Community Standards - Peace Officers)  COVID - Physical Distancing Complaint,53.60329283648903,-113.45515009561049,"{'latitude': '53.60329283648903', 'longitude': '-113.45515009561049', 'human_address': '{""address"": """", ""city"": """", ""state"": """", ""zip"": """"}'}",1,2020-04-28T19:31:25.000,,,,,True
6693,35121742482356,2020-04-28T17:12:35.000,2020,4,April,Closed,Bylaw Complaints,COVID - Physical Distancing Complaint,Phone Call,Community Standards - Peace Officers,Referral,2260,EVANSDALE,03,Bylaw Complaints  (Community Standards - Peace Officers),(Community Standards - Peace Officers)  Bylaw Complaints,(Community Standards - Peace Officers)  COVID - Physical Distancing Complaint,53.6108411103013,-113.47956893111652,"{'latitude': '53.6108411103013', 'longitude': '-113.47956893111652', 'human_address': '{""address"": """", ""city"": """", ""state"": """", ""zip"": """"}'}",1,2020-04-28T22:00:42.000,File Already under Investigation,,,,True
6748,21541642482300,2020-04-28T16:54:21.000,2020,4,April,Closed,Bylaw Complaints,COVID - Physical Distancing Complaint,Phone Call,Community Standards - Peace Officers,Referral,3060,CAERNARVON,02,Bylaw Complaints  (Community Standards - Peace Officers),(Community Standards - Peace Officers)  Bylaw Complaints,(Community Standards - Peace Officers)  COVID - Physical Distancing Complaint,53.611899751032084,-113.5264017195065,"{'latitude': '53.611899751032084', 'longitude': '-113.5264017195065', 'human_address': '{""address"": """", ""city"": """", ""state"": """", ""zip"": """"}'}",1,2020-04-28T21:30:32.000,File Already under Investigation,,,,True
6824,18291642482234,2020-04-28T16:29:18.000,2020,4,April,Closed,Bylaw Complaints,COVID - Physical Distancing Complaint,Phone Call,Community Standards - Peace Officers,Referral,2050,BELLE RIVE,03,Bylaw Complaints  (Community Standards - Peace Officers),(Community Standards - Peace Officers)  Bylaw Complaints,(Community Standards - Peace Officers)  COVID - Physical Distancing Complaint,53.62230017578729,-113.47359649183348,"{'latitude': '53.62230017578729', 'longitude': '-113.47359649183348', 'human_address': '{""address"": """", ""city"": """", ""state"": """", ""zip"": """"}'}",1,2020-04-28T17:31:52.000,,,,,True
7103,31291542481940,2020-04-28T15:29:31.000,2020,4,April,Closed,Bylaw Complaints,COVID - Physical Distancing Complaint,Phone Call,Community Standards - Peace Officers,Referral,6340,KAMEYOSEK,11,Bylaw Complaints  (Community Standards - Peace Officers),(Community Standards - Peace Officers)  Bylaw Complaints,(Community Standards - Peace Officers)  COVID - Physical Distancing Complaint,53.46191874301442,-113.44206793447808,"{'latitude': '53.46191874301442', 'longitude': '-113.44206793447808', 'human_address': '{""address"": """", ""city"": """", ""state"": """", ""zip"": """"}'}",1,2020-04-28T16:30:37.000,,53.48222636935761,-113.44225301244043,"{'latitude': '53.48222636935761', 'longitude': '-113.44225301244043', 'human_address': '{""address"": """", ""city"": """", ""state"": """", ""zip"": """"}'}",True
7142,57211542481894,2020-04-28T15:21:57.000,2020,4,April,Closed,Bylaw Complaints,COVID - Open Business Unacceptable,Phone Call,Community Standards - Peace Officers,Full Service,,,,Bylaw Complaints  (Community Standards - Peace Officers),(Community Standards - Peace Officers)  Bylaw Complaints,(Community Standards - Peace Officers)  COVID - Open Business Unacceptable,,,,1,2020-04-28T15:21:57.000,,,,,True
7181,25171542481327,2020-04-28T15:17:25.000,2020,4,April,Closed,General Information,COVID - Worksite Conditions and Safety,Phone Call,Workplace Safety and Employee Health,Full Service,,,,General Information  (Workplace Safety and Employee Health),(Workplace Safety and Employee Health)  General Information,(Workplace Safety and Employee Health)  COVID - Worksite Conditions and Safety,,,,1,2020-04-28T15:17:26.000,,,,,True
7399,53351442481582,2020-04-28T14:35:53.000,2020,4,April,Closed,Bylaw Complaints,COVID - Physical Distancing Complaint,Phone Call,Community Standards - Peace Officers,Referral,6360,KING EDWARD PARK,11,Bylaw Complaints  (Community Standards - Peace Officers),(Community Standards - Peace Officers)  Bylaw Complaints,(Community Standards - Peace Officers)  COVID - Physical Distancing Complaint,53.515151157263325,-113.45056960491442,"{'latitude': '53.515151157263325', 'longitude': '-113.45056960491442', 'human_address': '{""address"": """", ""city"": """", ""state"": """", ""zip"": """"}'}",1,2020-04-28T16:00:55.000,,53.48222636935761,-113.44225301244043,"{'latitude': '53.48222636935761', 'longitude': '-113.44225301244043', 'human_address': '{""address"": """", ""city"": """", ""state"": """", ""zip"": """"}'}",True
7732,37411342481236,2020-04-28T13:41:37.000,2020,4,April,Closed,Bylaw Complaints,COVID - Physical Distancing Complaint,Phone Call,Community Standards - Peace Officers,Referral,3140,CRESTWOOD,01,Bylaw Complaints  (Community Standards - Peace Officers),(Community Standards - Peace Officers)  Bylaw Complaints,(Community Standards - Peace Officers)  COVID - Physical Distancing Complaint,53.53543354829023,-113.56903784940349,"{'latitude': '53.53543354829023', 'longitude': '-113.56903784940349', 'human_address': '{""address"": """", ""city"": """", ""state"": """", ""zip"": """"}'}",1,2020-04-28T15:02:11.000,,,,,True
7775,55321342481187,2020-04-28T13:32:55.000,2020,4,April,Closed,Bylaw Complaints,COVID - Open Business Unacceptable,Phone Call,Community Standards - Peace Officers,Full Service,,,,Bylaw Complaints  (Community Standards - Peace Officers),(Community Standards - Peace Officers)  Bylaw Complaints,(Community Standards - Peace Officers)  COVID - Open Business Unacceptable,,,,1,2020-04-28T13:32:56.000,,,,,True
8143,47231242480575,2020-04-28T12:23:47.000,2020,4,April,Closed,Bylaw Complaints,COVID - Physical Distancing Complaint,Phone Call,Community Standards - Peace Officers,Referral,5190,FALCONER HEIGHTS,09,Bylaw Complaints  (Community Standards - Peace Officers),(Community Standards - Peace Officers)  Bylaw Complaints,(Community Standards - Peace Officers)  COVID - Physical Distancing Complaint,53.46672055034112,-113.58852369853099,"{'latitude': '53.46672055034112', 'longitude': '-113.58852369853099', 'human_address': '{""address"": """", ""city"": """", ""state"": """", ""zip"": """"}'}",1,2020-04-28T13:31:21.000,,,,,True
8427,8351142480372,2020-04-28T11:35:08.000,2020,4,April,Closed,Bylaw Complaints,COVID - Open Business Unacceptable,Phone Call,Community Standards - Peace Officers,Full Service,,,,Bylaw Complaints  (Community Standards - Peace Officers),(Community Standards - Peace Officers)  Bylaw Complaints,(Community Standards - Peace Officers)  COVID - Open Business Unacceptable,,,,1,2020-04-28T11:35:09.000,,,,,True
8751,54451042479970,2020-04-28T10:45:54.000,2020,4,April,Closed,General Information,COVID - Worksite Conditions and Safety,Phone Call,Workplace Safety and Employee Health,Full Service,,,,General Information  (Workplace Safety and Employee Health),(Workplace Safety and Employee Health)  General Information,(Workplace Safety and Employee Health)  COVID - Worksite Conditions and Safety,,,,1,2020-04-28T10:45:55.000,,,,,True
9520,18580742479022,2020-04-28T07:58:18.000,2020,4,April,Closed,Bylaw Complaints,COVID - Mass Gathering Unacceptable,Phone Call,Community Standards - Peace Officers,Full Service,,,,Bylaw Complaints  (Community Standards - Peace Officers),(Community Standards - Peace Officers)  Bylaw Complaints,(Community Standards - Peace Officers)  COVID - Mass Gathering Unacceptable,,,,1,2020-04-28T07:58:18.000,,,,,True
9621,56310642478909,2020-04-28T06:31:56.000,2020,4,April,Closed,Bylaw Complaints,COVID - Mass Gathering Unacceptable,Phone Call,Community Standards - Peace Officers,Full Service,,,,Bylaw Complaints  (Community Standards - Peace Officers),(Community Standards - Peace Officers)  Bylaw Complaints,(Community Standards - Peace Officers)  COVID - Mass Gathering Unacceptable,,,,1,2020-04-28T06:31:57.000,,,,,True
9842,39161841478619,2020-04-27T18:16:39.000,2020,4,April,Closed,Bylaw Complaints,COVID - Physical Distancing Complaint,Phone Call,Community Standards - Peace Officers,Referral,6680,SATOO,11,Bylaw Complaints  (Community Standards - Peace Officers),(Community Standards - Peace Officers)  Bylaw Complaints,(Community Standards - Peace Officers)  COVID - Physical Distancing Complaint,53.44637282810994,-113.45889160765203,"{'latitude': '53.44637282810994', 'longitude': '-113.45889160765203', 'human_address': '{""address"": """", ""city"": """", ""state"": """", ""zip"": """"}'}",1,2020-04-27T19:30:49.000,,53.48222636935761,-113.44225301244043,"{'latitude': '53.48222636935761', 'longitude': '-113.44225301244043', 'human_address': '{""address"": """", ""city"": """", ""state"": """", ""zip"": """"}'}",True
9913,35411741478584,2020-04-27T17:41:35.000,2020,4,April,Closed,Bylaw Complaints,COVID - Physical Distancing Complaint,Phone Call,Community Standards - Peace Officers,Referral,1160,PARKDALE,07,Bylaw Complaints  (Community Standards - Peace Officers),(Community Standards - Peace Officers)  Bylaw Complaints,(Community Standards - Peace Officers)  COVID - Physical Distancing Complaint,53.56571569943334,-113.47135037828579,"{'latitude': '53.56571569943334', 'longitude': '-113.47135037828579', 'human_address': '{""address"": """", ""city"": """", ""state"": """", ""zip"": """"}'}",1,2020-04-27T19:01:03.000,,,,,True
9920,15391741478570,2020-04-27T17:39:15.000,2020,4,April,Closed,Bylaw Complaints,COVID - Physical Distancing Complaint,Phone Call,Community Standards - Peace Officers,Referral,1160,PARKDALE,07,Bylaw Complaints  (Community Standards - Peace Officers),(Community Standards - Peace Officers)  Bylaw Complaints,(Community Standards - Peace Officers)  COVID - Physical Distancing Complaint,53.56571569943334,-113.47135037828579,"{'latitude': '53.56571569943334', 'longitude': '-113.47135037828579', 'human_address': '{""address"": """", ""city"": """", ""state"": """", ""zip"": """"}'}",1,2020-04-27T19:00:57.000,,,,,True
9966,59191741478476,2020-04-27T17:19:59.000,2020,4,April,Closed,Bylaw Complaints,COVID - Physical Distancing Complaint,Phone Call,Community Standards - Peace Officers,Referral,6520,MILL WOODS TOWN CENTRE,11,Bylaw Complaints  (Community Standards - Peace Officers),(Community Standards - Peace Officers)  Bylaw Complaints,(Community Standards - Peace Officers)  COVID - Physical Distancing Complaint,53.45645846262913,-113.42748006003345,"{'latitude': '53.45645846262913', 'longitude': '-113.42748006003345', 'human_address': '{""address"": """", ""city"": """", ""state"": """", ""zip"": """"}'}",1,2020-04-27T18:31:55.000,,53.48222636935761,-113.44225301244043,"{'latitude': '53.48222636935761', 'longitude': '-113.44225301244043', 'human_address': '{""address"": """", ""city"": """", ""state"": """", ""zip"": """"}'}",True
10183,57101641478310,2020-04-27T16:10:57.000,2020,4,April,Closed,Bylaw Complaints,COVID - Open Business Unacceptable,Phone Call,Community Standards - Peace Officers,Full Service,,,,Bylaw Complaints  (Community Standards - Peace Officers),(Community Standards - Peace Officers)  Bylaw Complaints,(Community Standards - Peace Officers)  COVID - Open Business Unacceptable,,,,1,2020-04-27T16:10:58.000,,,,,True
10676,51311441477618,2020-04-27T14:31:51.000,2020,4,April,Closed,Bylaw Complaints,COVID - Physical Distancing Complaint,Phone Call,Community Standards - Peace Officers,Referral,6600,RICHFIELD,11,Bylaw Complaints  (Community Standards - Peace Officers),(Community Standards - Peace Officers)  Bylaw Complaints,(Community Standards - Peace Officers)  COVID - Physical Distancing Complaint,53.4694839683347,-113.45861750567731,"{'latitude': '53.4694839683347', 'longitude': '-113.45861750567731', 'human_address': '{""address"": """", ""city"": """", ""state"": """", ""zip"": """"}'}",1,2020-04-27T15:30:35.000,,53.48222636935761,-113.44225301244043,"{'latitude': '53.48222636935761', 'longitude': '-113.44225301244043', 'human_address': '{""address"": """", ""city"": """", ""state"": """", ""zip"": """"}'}",True
10986,10381341477325,2020-04-27T13:38:10.000,2020,4,April,Closed,Bylaw Complaints,COVID - Physical Distancing Complaint,Phone Call,Community Standards - Peace Officers,Referral,5480,STRATHCONA,08,Bylaw Complaints  (Community Standards - Peace Officers),(Community Standards - Peace Officers)  Bylaw Complaints,(Community Standards - Peace Officers)  COVID - Physical Distancing Complaint,53.522390187140154,-113.4909855541071,"{'latitude': '53.522390187140154', 'longitude': '-113.4909855541071', 'human_address': '{""address"": """", ""city"": """", ""state"": """", ""zip"": """"}'}",1,2020-04-29T15:01:39.000,Does Not Meet Bylaw Offence Standards,,,,True
12207,41251041475754,2020-04-27T10:25:41.000,2020,4,April,Closed,Bylaw Complaints,COVID - Physical Distancing Complaint,Phone Call,Community Standards - Peace Officers,Referral,3170,DOVERCOURT,02,Bylaw Complaints  (Community Standards - Peace Officers),(Community Standards - Peace Officers)  Bylaw Complaints,(Community Standards - Peace Officers)  COVID - Physical Distancing Complaint,53.57572651756179,-113.55953411141944,"{'latitude': '53.57572651756179', 'longitude': '-113.55953411141944', 'human_address': '{""address"": """", ""city"": """", ""state"": """", ""zip"": """"}'}",1,2020-04-27T11:32:44.000,,,,,True
12415,21510941475575,2020-04-27T09:51:21.000,2020,4,April,Closed,Bylaw Complaints,COVID - Physical Distancing Complaint,Phone Call,Community Standards - Peace Officers,Referral,5270,LENDRUM PLACE,10,Bylaw Complaints  (Community Standards - Peace Officers),(Community Standards - Peace Officers)  Bylaw Complaints,(Community Standards - Peace Officers)  COVID - Physical Distancing Complaint,53.49320004422874,-113.52280579685477,"{'latitude': '53.49320004422874', 'longitude': '-113.52280579685477', 'human_address': '{""address"": """", ""city"": """", ""state"": """", ""zip"": """"}'}",1,2020-04-27T11:00:57.000,,53.470919173308204,-113.53837514442674,"{'latitude': '53.470919173308204', 'longitude': '-113.53837514442674', 'human_address': '{""address"": """", ""city"": """", ""state"": """", ""zip"": """"}'}",True
12446,1450941475542,2020-04-27T09:45:01.000,2020,4,April,Closed,Bylaw Complaints,COVID - Physical Distancing Complaint,Phone Call,Community Standards - Peace Officers,Referral,6710,STRATHEARN,08,Bylaw Complaints  (Community Standards - Peace Officers),(Community Standards - Peace Officers)  Bylaw Complaints,(Community Standards - Peace Officers)  COVID - Physical Distancing Complaint,53.53129197975665,-113.46404665860841,"{'latitude': '53.53129197975665', 'longitude': '-113.46404665860841', 'human_address': '{""address"": """", ""city"": """", ""state"": """", ""zip"": """"}'}",1,2020-04-27T11:00:43.000,,,,,True
12834,5200841475130,2020-04-27T08:20:05.000,2020,4,April,Closed,Bylaw Complaints,COVID - Open Business Unacceptable,Phone Call,Community Standards - Peace Officers,Full Service,,,,Bylaw Complaints  (Community Standards - Peace Officers),(Community Standards - Peace Officers)  Bylaw Complaints,(Community Standards - Peace Officers)  COVID - Open Business Unacceptable,,,,1,2020-04-27T08:20:06.000,,,,,True
12854,42110841475107,2020-04-27T08:11:42.000,2020,4,April,Closed,General Information,COVID - Worksite Conditions and Safety,Phone Call,Workplace Safety and Employee Health,Full Service,,,,General Information  (Workplace Safety and Employee Health),(Workplace Safety and Employee Health)  General Information,(Workplace Safety and Employee Health)  COVID - Worksite Conditions and Safety,,,,1,2020-04-27T08:11:43.000,,,,,True
12911,12450741475042,2020-04-27T07:45:12.000,2020,4,April,Closed,Bylaw Complaints,COVID - Open Business Unacceptable,Phone Call,Community Standards - Peace Officers,Full Service,,,,Bylaw Complaints  (Community Standards - Peace Officers),(Community Standards - Peace Officers)  Bylaw Complaints,(Community Standards - Peace Officers)  COVID - Open Business Unacceptable,,,,1,2020-04-27T07:45:13.000,,,,,True
12954,23220741474965,2020-04-27T07:22:23.000,2020,4,April,Closed,Bylaw Complaints,COVID - Mass Gathering Unacceptable,Email,Community Standards - Peace Officers,Full Service,,,,Bylaw Complaints  (Community Standards - Peace Officers),(Community Standards - Peace Officers)  Bylaw Complaints,(Community Standards - Peace Officers)  COVID - Mass Gathering Unacceptable,,,,1,2020-04-27T07:22:24.000,,,,,True
13222,13331740474687,2020-04-26T17:33:13.000,2020,4,April,Closed,Bylaw Complaints,COVID - Open Business Unacceptable,Phone Call,Community Standards - Peace Officers,Full Service,,,,Bylaw Complaints  (Community Standards - Peace Officers),(Community Standards - Peace Officers)  Bylaw Complaints,(Community Standards - Peace Officers)  COVID - Open Business Unacceptable,,,,1,2020-04-26T17:33:13.000,,,,,True
13347,10291640474540,2020-04-26T16:29:10.000,2020,4,April,Closed,Bylaw Complaints,COVID - Physical Distancing Complaint,Phone Call,Community Standards - Peace Officers,Referral,5340,RAMSAY HEIGHTS,09,Bylaw Complaints  (Community Standards - Peace Officers),(Community Standards - Peace Officers)  Bylaw Complaints,(Community Standards - Peace Officers)  COVID - Physical Distancing Complaint,53.483367623497735,-113.57903398886673,"{'latitude': '53.483367623497735', 'longitude': '-113.57903398886673', 'human_address': '{""address"": """", ""city"": """", ""state"": """", ""zip"": """"}'}",1,2020-04-27T16:31:24.000,Does Not Meet Bylaw Offence Standards,,,,True
13394,38041640474509,2020-04-26T16:04:38.000,2020,4,April,Open,Bylaw Complaints,COVID - Physical Distancing Complaint,Phone Call,Community Standards - Peace Officers,Referral,,,,Bylaw Complaints  (Community Standards - Peace Officers),(Community Standards - Peace Officers)  Bylaw Complaints,(Community Standards - Peace Officers)  COVID - Physical Distancing Complaint,,,,1,,,,,,True
13397,18031640474489,2020-04-26T16:03:18.000,2020,4,April,Open,Bylaw Complaints,COVID - Physical Distancing Complaint,Phone Call,Community Standards - Peace Officers,Referral,3200,GLENORA,06,Bylaw Complaints  (Community Standards - Peace Officers),(Community Standards - Peace Officers)  Bylaw Complaints,(Community Standards - Peace Officers)  COVID - Physical Distancing Complaint,53.544904705207486,-113.5570424656612,"{'latitude': '53.544904705207486', 'longitude': '-113.5570424656612', 'human_address': '{""address"": """", ""city"": """", ""state"": """", ""zip"": """"}'}",1,,,,,,True
13414,18581540474488,2020-04-26T15:58:18.000,2020,4,April,Closed,Bylaw Complaints,COVID - Physical Distancing Complaint,Phone Call,Community Standards - Peace Officers,Referral,6662,WALKER,12,Bylaw Complaints  (Community Standards - Peace Officers),(Community Standards - Peace Officers)  Bylaw Complaints,(Community Standards - Peace Officers)  COVID - Physical Distancing Complaint,53.41765060534617,-113.43043517234943,"{'latitude': '53.41765060534617', 'longitude': '-113.43043517234943', 'human_address': '{""address"": """", ""city"": """", ""state"": """", ""zip"": """"}'}",1,2020-04-26T17:00:58.000,,53.427091413961406,-113.41906418721156,"{'latitude': '53.427091413961406', 'longitude': '-113.41906418721156', 'human_address': '{""address"": """", ""city"": """", ""state"": """", ""zip"": """"}'}",True
13454,49401540474447,2020-04-26T15:40:49.000,2020,4,April,Closed,Bylaw Complaints,COVID - Open Business Unacceptable,Phone Call,Community Standards - Peace Officers,Full Service,,,,Bylaw Complaints  (Community Standards - Peace Officers),(Community Standards - Peace Officers)  Bylaw Complaints,(Community Standards - Peace Officers)  COVID - Open Business Unacceptable,,,,1,2020-04-26T15:40:49.000,,,,,True
13711,8531340474154,2020-04-26T13:53:08.000,2020,4,April,Open,Bylaw Complaints,COVID - Physical Distancing Complaint,Phone Call,Community Standards - Peace Officers,Referral,1140,MCCAULEY,06,Bylaw Complaints  (Community Standards - Peace Officers),(Community Standards - Peace Officers)  Bylaw Complaints,(Community Standards - Peace Officers)  COVID - Physical Distancing Complaint,53.55460510253748,-113.48509798521005,"{'latitude': '53.55460510253748', 'longitude': '-113.48509798521005', 'human_address': '{""address"": """", ""city"": """", ""state"": """", ""zip"": """"}'}",1,,,,,,True
14178,14021140473640,2020-04-26T11:02:14.000,2020,4,April,Closed,Bylaw Complaints,COVID - Physical Distancing Complaint,Email,Community Standards - Peace Officers,Referral,6550,OTTEWELL,08,Bylaw Complaints  (Community Standards - Peace Officers),(Community Standards - Peace Officers)  Bylaw Complaints,(Community Standards - Peace Officers)  COVID - Physical Distancing Complaint,53.53128518402029,-113.43074600681692,"{'latitude': '53.53128518402029', 'longitude': '-113.43074600681692', 'human_address': '{""address"": """", ""city"": """", ""state"": """", ""zip"": """"}'}",1,2020-04-26T16:31:31.000,Does Not Meet Bylaw Offence Standards,,,,True
14700,1131839473121,2020-04-25T18:13:01.000,2020,4,April,Closed,Bylaw Complaints,COVID - Physical Distancing Complaint,Phone Call,Community Standards - Peace Officers,Referral,3020,BARANOW,02,Bylaw Complaints  (Community Standards - Peace Officers),(Community Standards - Peace Officers)  Bylaw Complaints,(Community Standards - Peace Officers)  COVID - Physical Distancing Complaint,53.605734466116544,-113.53610327823839,"{'latitude': '53.605734466116544', 'longitude': '-113.53610327823839', 'human_address': '{""address"": """", ""city"": """", ""state"": """", ""zip"": """"}'}",1,2020-04-25T19:31:15.000,,,,,True
14783,38361739473061,2020-04-25T17:36:38.000,2020,4,April,Closed,Bylaw Complaints,COVID - Mass Gathering Unacceptable,Phone Call,Community Standards - Peace Officers,Full Service,,,,Bylaw Complaints  (Community Standards - Peace Officers),(Community Standards - Peace Officers)  Bylaw Complaints,(Community Standards - Peace Officers)  COVID - Mass Gathering Unacceptable,,,,1,2020-04-25T17:36:39.000,,,,,True
14815,49211739473017,2020-04-25T17:21:49.000,2020,4,April,Closed,Bylaw Complaints,COVID - Physical Distancing Complaint,Phone Call,Community Standards - Peace Officers,Referral,3382,RIVER VALLEY LAURIER,05,Bylaw Complaints  (Community Standards - Peace Officers),(Community Standards - Peace Officers)  Bylaw Complaints,(Community Standards - Peace Officers)  COVID - Physical Distancing Complaint,53.51058347704698,-113.55332311351657,"{'latitude': '53.51058347704698', 'longitude': '-113.55332311351657', 'human_address': '{""address"": """", ""city"": """", ""state"": """", ""zip"": """"}'}",1,2020-04-25T18:31:45.000,,,,,True
14819,42201739473018,2020-04-25T17:20:42.000,2020,4,April,Closed,Bylaw Complaints,COVID - Physical Distancing Complaint,Phone Call,Community Standards - Peace Officers,Referral,4720,GLASTONBURY,05,Bylaw Complaints  (Community Standards - Peace Officers),(Community Standards - Peace Officers)  Bylaw Complaints,(Community Standards - Peace Officers)  COVID - Physical Distancing Complaint,53.503187279448504,-113.66986988345468,"{'latitude': '53.503187279448504', 'longitude': '-113.66986988345468', 'human_address': '{""address"": """", ""city"": """", ""state"": """", ""zip"": """"}'}",1,2020-04-25T18:31:08.000,,,,,True
14920,42241639472904,2020-04-25T16:24:42.000,2020,4,April,Closed,Bylaw Complaints,COVID - Physical Distancing Complaint,Phone Call,Community Standards - Peace Officers,Referral,2280,FRASER,04,Bylaw Complaints  (Community Standards - Peace Officers),(Community Standards - Peace Officers)  Bylaw Complaints,(Community Standards - Peace Officers)  COVID - Physical Distancing Complaint,53.610382173879735,-113.37478157988564,"{'latitude': '53.610382173879735', 'longitude': '-113.37478157988564', 'human_address': '{""address"": """", ""city"": """", ""state"": """", ""zip"": """"}'}",1,2020-04-28T11:31:42.000,Citizen Complied,,,,True
15094,271539472733,2020-04-25T15:27:00.000,2020,4,April,Closed,Bylaw Complaints,COVID - Physical Distancing Complaint,Phone Call,Community Standards - Peace Officers,Referral,3020,BARANOW,02,Bylaw Complaints  (Community Standards - Peace Officers),(Community Standards - Peace Officers)  Bylaw Complaints,(Community Standards - Peace Officers)  COVID - Physical Distancing Complaint,53.605734466116544,-113.53610327823839,"{'latitude': '53.605734466116544', 'longitude': '-113.53610327823839', 'human_address': '{""address"": """", ""city"": """", ""state"": """", ""zip"": """"}'}",1,2020-04-25T16:30:47.000,,,,,True
15121,1151539472680,2020-04-25T15:15:01.000,2020,4,April,Closed,Bylaw Complaints,COVID - Physical Distancing Complaint,Phone Call,Community Standards - Peace Officers,Referral,5390,RIVER VALLEY WALTERDALE,08,Bylaw Complaints  (Community Standards - Peace Officers),(Community Standards - Peace Officers)  Bylaw Complaints,(Community Standards - Peace Officers)  COVID - Physical Distancing Complaint,53.53057521763347,-113.51975396063287,"{'latitude': '53.53057521763347', 'longitude': '-113.51975396063287', 'human_address': '{""address"": """", ""city"": """", ""state"": """", ""zip"": """"}'}",1,2020-04-25T16:30:32.000,,,,,True
15231,1461439472589,2020-04-25T14:46:01.000,2020,4,April,Closed,Bylaw Complaints,COVID - Physical Distancing Complaint,Phone Call,Community Standards - Peace Officers,Referral,4610,WESTRIDGE,05,Bylaw Complaints  (Community Standards - Peace Officers),(Community Standards - Peace Officers)  Bylaw Complaints,(Community Standards - Peace Officers)  COVID - Physical Distancing Complaint,53.50562209302866,-113.60137155581822,"{'latitude': '53.50562209302866', 'longitude': '-113.60137155581822', 'human_address': '{""address"": """", ""city"": """", ""state"": """", ""zip"": """"}'}",1,2020-04-25T16:01:06.000,,,,,True
15252,12381439472524,2020-04-25T14:38:12.000,2020,4,April,Closed,Bylaw Complaints,COVID - Physical Distancing Complaint,Phone Call,Community Standards - Peace Officers,Referral,4160,GARIEPY,05,Bylaw Complaints  (Community Standards - Peace Officers),(Community Standards - Peace Officers)  Bylaw Complaints,(Community Standards - Peace Officers)  COVID - Physical Distancing Complaint,53.49359649621341,-113.62265689700894,"{'latitude': '53.49359649621341', 'longitude': '-113.62265689700894', 'human_address': '{""address"": """", ""city"": """", ""state"": """", ""zip"": """"}'}",1,2020-04-25T16:02:06.000,,,,,True
15310,9241439472503,2020-04-25T14:24:09.000,2020,4,April,Closed,Bylaw Complaints,COVID - Physical Distancing Complaint,Phone Call,Community Standards - Peace Officers,Referral,5560,WHITEMUD CREEK RAVINE SOUTH,10,Bylaw Complaints  (Community Standards - Peace Officers),(Community Standards - Peace Officers)  Bylaw Complaints,(Community Standards - Peace Officers)  COVID - Physical Distancing Complaint,53.46849885499151,-113.56034051442934,"{'latitude': '53.46849885499151', 'longitude': '-113.56034051442934', 'human_address': '{""address"": """", ""city"": """", ""state"": """", ""zip"": """"}'}",1,2020-04-25T15:30:34.000,,53.470919173308204,-113.53837514442674,"{'latitude': '53.470919173308204', 'longitude': '-113.53837514442674', 'human_address': '{""address"": """", ""city"": """", ""state"": """", ""zip"": """"}'}",True
15332,50161439472450,2020-04-25T14:16:50.000,2020,4,April,Closed,Bylaw Complaints,COVID - Mass Gathering Unacceptable,Phone Call,Community Standards - Peace Officers,Full Service,,,,Bylaw Complaints  (Community Standards - Peace Officers),(Community Standards - Peace Officers)  Bylaw Complaints,(Community Standards - Peace Officers)  COVID - Mass Gathering Unacceptable,,,,1,2020-04-25T14:16:51.000,,,,,True
15368,9031439472437,2020-04-25T14:03:09.000,2020,4,April,Closed,Bylaw Complaints,COVID - Physical Distancing Complaint,Phone Call,Community Standards - Peace Officers,Referral,4461,THE HAMPTONS,05,Bylaw Complaints  (Community Standards - Peace Officers),(Community Standards - Peace Officers)  Bylaw Complaints,(Community Standards - Peace Officers)  COVID - Physical Distancing Complaint,53.487385599931166,-113.67568737577308,"{'latitude': '53.487385599931166', 'longitude': '-113.67568737577308', 'human_address': '{""address"": """", ""city"": """", ""state"": """", ""zip"": """"}'}",1,2020-04-25T15:31:06.000,,,,,True
15422,26511339472382,2020-04-25T13:51:26.000,2020,4,April,Closed,Bylaw Complaints,COVID - Garage/Yard Sale Restriction,Phone Call,Community Standards - Peace Officers,Referral,,,,Bylaw Complaints  (Community Standards - Peace Officers),(Community Standards - Peace Officers)  Bylaw Complaints,(Community Standards - Peace Officers)  COVID - Garage/Yard Sale Restriction,,,,1,2020-04-25T14:51:09.000,,,,,True
15441,23431339472374,2020-04-25T13:43:23.000,2020,4,April,Closed,Bylaw Complaints,COVID - Physical Distancing Complaint,Mobile App,Community Standards - Peace Officers,Referral,1150,OLIVER,06,Bylaw Complaints  (Community Standards - Peace Officers),(Community Standards - Peace Officers)  Bylaw Complaints,(Community Standards - Peace Officers)  COVID - Physical Distancing Complaint,53.541982930616356,-113.52399393488137,"{'latitude': '53.541982930616356', 'longitude': '-113.52399393488137', 'human_address': '{""address"": """", ""city"": """", ""state"": """", ""zip"": """"}'}",1,2020-04-26T09:30:36.000,,,,,True
15452,32401339472340,2020-04-25T13:40:32.000,2020,4,April,Closed,Bylaw Complaints,COVID - Physical Distancing Complaint,Phone Call,Community Standards - Peace Officers,Referral,5570,WINDERMERE,09,Bylaw Complaints  (Community Standards - Peace Officers),(Community Standards - Peace Officers)  Bylaw Complaints,(Community Standards - Peace Officers)  COVID - Physical Distancing Complaint,53.432563152762754,-113.62600761352968,"{'latitude': '53.432563152762754', 'longitude': '-113.62600761352968', 'human_address': '{""address"": """", ""city"": """", ""state"": """", ""zip"": """"}'}",1,2020-04-26T15:31:39.000,Does Not Meet Bylaw Offence Standards,,,,True
15453,23401339472356,2020-04-25T13:40:23.000,2020,4,April,Closed,Bylaw Complaints,COVID - Open Business Unacceptable,Phone Call,Community Standards - Peace Officers,Full Service,,,,Bylaw Complaints  (Community Standards - Peace Officers),(Community Standards - Peace Officers)  Bylaw Complaints,(Community Standards - Peace Officers)  COVID - Open Business Unacceptable,,,,1,2020-04-25T13:40:24.000,,,,,True
15959,8181139471819,2020-04-25T11:18:08.000,2020,4,April,Closed,Bylaw Complaints,COVID - Physical Distancing Complaint,Phone Call,Community Standards - Peace Officers,Referral,1170,PRINCE RUPERT,02,Bylaw Complaints  (Community Standards - Peace Officers),(Community Standards - Peace Officers)  Bylaw Complaints,(Community Standards - Peace Officers)  COVID - Physical Distancing Complaint,53.56459450201589,-113.52411765669545,"{'latitude': '53.56459450201589', 'longitude': '-113.52411765669545', 'human_address': '{""address"": """", ""city"": """", ""state"": """", ""zip"": """"}'}",1,2020-04-25T12:31:10.000,,,,,True
16141,12241039471650,2020-04-25T10:24:12.000,2020,4,April,Closed,Bylaw Complaints,COVID - Open Business Unacceptable,Phone Call,Community Standards - Peace Officers,Full Service,,,,Bylaw Complaints  (Community Standards - Peace Officers),(Community Standards - Peace Officers)  Bylaw Complaints,(Community Standards - Peace Officers)  COVID - Open Business Unacceptable,,,,1,2020-04-25T10:24:13.000,,,,,True
16498,19170739471276,2020-04-25T07:17:19.000,2020,4,April,Closed,Bylaw Complaints,COVID - Open Business Unacceptable,Phone Call,Community Standards - Peace Officers,Full Service,,,,Bylaw Complaints  (Community Standards - Peace Officers),(Community Standards - Peace Officers)  Bylaw Complaints,(Community Standards - Peace Officers)  COVID - Open Business Unacceptable,,,,1,2020-04-25T07:17:20.000,,,,,True
16595,51491938471141,2020-04-24T19:49:51.000,2020,4,April,Closed,Bylaw Complaints,COVID - Physical Distancing Complaint,Phone Call,Community Standards - Peace Officers,Referral,6020,AVONMORE,11,Bylaw Complaints  (Community Standards - Peace Officers),(Community Standards - Peace Officers)  Bylaw Complaints,(Community Standards - Peace Officers)  COVID - Physical Distancing Complaint,53.50777958168241,-113.45163097839595,"{'latitude': '53.50777958168241', 'longitude': '-113.45163097839595', 'human_address': '{""address"": """", ""city"": """", ""state"": """", ""zip"": """"}'}",1,2020-04-24T21:00:53.000,,53.48222636935761,-113.44225301244043,"{'latitude': '53.48222636935761', 'longitude': '-113.44225301244043', 'human_address': '{""address"": """", ""city"": """", ""state"": """", ""zip"": """"}'}",True
16679,45311838471058,2020-04-24T18:31:45.000,2020,4,April,Closed,Bylaw Complaints,COVID - Mass Gathering Unacceptable,Phone Call,Community Standards - Peace Officers,Full Service,,,,Bylaw Complaints  (Community Standards - Peace Officers),(Community Standards - Peace Officers)  Bylaw Complaints,(Community Standards - Peace Officers)  COVID - Mass Gathering Unacceptable,,,,1,2020-04-24T18:31:46.000,,,,,True
16725,31101838470987,2020-04-24T18:10:31.000,2020,4,April,Closed,Bylaw Complaints,COVID - Physical Distancing Complaint,Phone Call,Community Standards - Peace Officers,Referral,2010,ABBOTTSFIELD,07,Bylaw Complaints  (Community Standards - Peace Officers),(Community Standards - Peace Officers)  Bylaw Complaints,(Community Standards - Peace Officers)  COVID - Physical Distancing Complaint,53.574143433510216,-113.38875800511948,"{'latitude': '53.574143433510216', 'longitude': '-113.38875800511948', 'human_address': '{""address"": """", ""city"": """", ""state"": """", ""zip"": """"}'}",1,2020-04-24T19:31:24.000,,,,,True
16814,4341738470893,2020-04-24T17:34:04.000,2020,4,April,Closed,Bylaw Complaints,COVID - Physical Distancing Complaint,Phone Call,Community Standards - Peace Officers,Referral,5480,STRATHCONA,08,Bylaw Complaints  (Community Standards - Peace Officers),(Community Standards - Peace Officers)  Bylaw Complaints,(Community Standards - Peace Officers)  COVID - Physical Distancing Complaint,53.522390187140154,-113.4909855541071,"{'latitude': '53.522390187140154', 'longitude': '-113.4909855541071', 'human_address': '{""address"": """", ""city"": """", ""state"": """", ""zip"": """"}'}",1,2020-04-24T19:01:22.000,,,,,True
16852,33181738470879,2020-04-24T17:18:33.000,2020,4,April,Closed,Bylaw Complaints,COVID - Physical Distancing Complaint,Phone Call,Community Standards - Peace Officers,Referral,3380,RIVER VALLEY CAPITOL HILL,01,Bylaw Complaints  (Community Standards - Peace Officers),(Community Standards - Peace Officers)  Bylaw Complaints,(Community Standards - Peace Officers)  COVID - Physical Distancing Complaint,53.53188605972356,-113.5598856735013,"{'latitude': '53.53188605972356', 'longitude': '-113.5598856735013', 'human_address': '{""address"": """", ""city"": """", ""state"": """", ""zip"": """"}'}",1,2020-04-24T18:31:21.000,,,,,True
16870,23131738470863,2020-04-24T17:13:23.000,2020,4,April,Closed,Bylaw Complaints,COVID - Physical Distancing Complaint,Phone Call,Community Standards - Peace Officers,Referral,2145,CLAREVIEW TOWN CENTRE,04,Bylaw Complaints  (Community Standards - Peace Officers),(Community Standards - Peace Officers)  Bylaw Complaints,(Community Standards - Peace Officers)  COVID - Physical Distancing Complaint,53.601947807307084,-113.40689125176354,"{'latitude': '53.601947807307084', 'longitude': '-113.40689125176354', 'human_address': '{""address"": """", ""city"": """", ""state"": """", ""zip"": """"}'}",1,2020-04-24T18:31:35.000,,,,,True
16949,58481638470782,2020-04-24T16:48:58.000,2020,4,April,Closed,Bylaw Complaints,COVID - Open Business Unacceptable,Phone Call,Community Standards - Peace Officers,Full Service,,,,Bylaw Complaints  (Community Standards - Peace Officers),(Community Standards - Peace Officers)  Bylaw Complaints,(Community Standards - Peace Officers)  COVID - Open Business Unacceptable,,,,1,2020-04-24T16:48:59.000,,,,,True
16991,1391638470725,2020-04-24T16:39:01.000,2020,4,April,Closed,Bylaw Complaints,COVID - Open Business Unacceptable,Phone Call,Community Standards - Peace Officers,Full Service,,,,Bylaw Complaints  (Community Standards - Peace Officers),(Community Standards - Peace Officers)  Bylaw Complaints,(Community Standards - Peace Officers)  COVID - Open Business Unacceptable,,,,1,2020-04-24T16:39:02.000,,,,,True
17327,6211538470326,2020-04-24T15:21:06.000,2020,4,April,Closed,Bylaw Complaints,COVID - Physical Distancing Complaint,Phone Call,Community Standards - Peace Officers,Referral,3410,SHERBROOKE,02,Bylaw Complaints  (Community Standards - Peace Officers),(Community Standards - Peace Officers)  Bylaw Complaints,(Community Standards - Peace Officers)  COVID - Physical Distancing Complaint,53.57566320833989,-113.54728563480555,"{'latitude': '53.57566320833989', 'longitude': '-113.54728563480555', 'human_address': '{""address"": """", ""city"": """", ""state"": """", ""zip"": """"}'}",1,2020-04-24T16:31:28.000,,,,,True
17488,15461438470144,2020-04-24T14:46:15.000,2020,4,April,Closed,Bylaw Complaints,COVID - Physical Distancing Complaint,Phone Call,Community Standards - Peace Officers,Referral,4570,WEDGEWOOD HEIGHTS,05,Bylaw Complaints  (Community Standards - Peace Officers),(Community Standards - Peace Officers)  Bylaw Complaints,(Community Standards - Peace Officers)  COVID - Physical Distancing Complaint,53.47871449416715,-113.6465801690101,"{'latitude': '53.47871449416715', 'longitude': '-113.6465801690101', 'human_address': '{""address"": """", ""city"": """", ""state"": """", ""zip"": """"}'}",1,2020-04-24T16:01:29.000,,,,,True
17880,10351338469694,2020-04-24T13:35:10.000,2020,4,April,Closed,Bylaw Complaints,COVID - Mass Gathering Unacceptable,Phone Call,Community Standards - Peace Officers,Full Service,,,,Bylaw Complaints  (Community Standards - Peace Officers),(Community Standards - Peace Officers)  Bylaw Complaints,(Community Standards - Peace Officers)  COVID - Mass Gathering Unacceptable,,,,1,2020-04-24T13:35:11.000,,,,,True
19209,24420938468114,2020-04-24T09:42:24.000,2020,4,April,Closed,Bylaw Complaints,COVID - Physical Distancing Complaint,Phone Call,Community Standards - Peace Officers,Referral,4290,MAYFIELD,01,Bylaw Complaints  (Community Standards - Peace Officers),(Community Standards - Peace Officers)  Bylaw Complaints,(Community Standards - Peace Officers)  COVID - Physical Distancing Complaint,53.555018032798024,-113.59817018646271,"{'latitude': '53.555018032798024', 'longitude': '-113.59817018646271', 'human_address': '{""address"": """", ""city"": """", ""state"": """", ""zip"": """"}'}",1,2020-04-25T12:31:31.000,Citizen Complied,,,,True
19514,42200838467804,2020-04-24T08:20:42.000,2020,4,April,Closed,Bylaw Complaints,COVID - Physical Distancing Complaint,Mobile App,Community Standards - Peace Officers,Referral,4360,OLESKIW,05,Bylaw Complaints  (Community Standards - Peace Officers),(Community Standards - Peace Officers)  Bylaw Complaints,(Community Standards - Peace Officers)  COVID - Physical Distancing Complaint,53.49733975805122,-113.60876547735896,"{'latitude': '53.49733975805122', 'longitude': '-113.60876547735896', 'human_address': '{""address"": """", ""city"": """", ""state"": """", ""zip"": """"}'}",1,2020-04-24T16:01:14.000,,,,,True
19548,54050838467752,2020-04-24T08:05:54.000,2020,4,April,Closed,Bylaw Complaints,COVID - Open Business Unacceptable,Email,Community Standards - Peace Officers,Full Service,,,,Bylaw Complaints  (Community Standards - Peace Officers),(Community Standards - Peace Officers)  Bylaw Complaints,(Community Standards - Peace Officers)  COVID - Open Business Unacceptable,,,,1,2020-04-24T08:05:54.000,,,,,True
19746,43481837467495,2020-04-23T18:48:43.000,2020,4,April,Closed,Bylaw Complaints,COVID - Physical Distancing Complaint,Phone Call,Community Standards - Peace Officers,Referral,6360,KING EDWARD PARK,11,Bylaw Complaints  (Community Standards - Peace Officers),(Community Standards - Peace Officers)  Bylaw Complaints,(Community Standards - Peace Officers)  COVID - Physical Distancing Complaint,53.515151157263325,-113.45056960491442,"{'latitude': '53.515151157263325', 'longitude': '-113.45056960491442', 'human_address': '{""address"": """", ""city"": """", ""state"": """", ""zip"": """"}'}",1,2020-04-23T20:01:40.000,,53.48222636935761,-113.44225301244043,"{'latitude': '53.48222636935761', 'longitude': '-113.44225301244043', 'human_address': '{""address"": """", ""city"": """", ""state"": """", ""zip"": """"}'}",True
